# OpenTelemetry Metrics report: .csv, 4 fields: 
# <metric name>, <period start, nanoseconds>, <period end, nanoseconds>, <metric value>
# See CsvMetricsExporter for details.
# 
# NAME, PERIOD_START_NANOS, PERIOD_END_NANOS, VALUE
JVM.totalDirectByteBuffersBytes,1756310017108000000,1756310075499000000,366253093
JVM.totalTimeToSafepointsMs,1756310017108000000,1756310075499000000,640
JVM.usedNativeBytes,1756310017108000000,1756310075499000000,222246912
JVM.totalTimeAtSafepointsMs,1756310017108000000,1756310075499000000,1280
JVM.totalSafepointCount,1756310017108000000,1756310075499000000,122
JVM.maxHeapBytes,1756310017108000000,1756310075499000000,5800722432
JVM.totalCpuTimeMs,1756310017108000000,1756310075499000000,72150
OS.loadAverage,1756310017108000000,1756310075499000000,8.78173828125
MEM.ramPlusSwapMinusFileMappingsBytes,1756310017108000000,1756310075499000000,1377480704
JVM.GC.collections,1756310017108000000,1756310075499000000,30
JVM.newThreadsCount,1756310017108000000,1756310075499000000,116
JVM.threadCount,1756310017108000000,1756310075499000000,100
JVM.GC.collectionTimesMs,1756310017108000000,1756310075499000000,1078
JVM.committedHeapBytes,1756310017108000000,1756310075499000000,654311424
MEM.fileMappingsRamBytes,1756310017108000000,1756310075499000000,359464960
JVM.maxThreadCount,1756310017108000000,1756310075499000000,100
JVM.totalBytesAllocated,1756310017108000000,1756310075499000000,1179414920
MEM.ramBytes,1756310017108000000,1756310075499000000,1736945664
MEM.ramMinusFileMappingsBytes,1756310017108000000,1756310075499000000,1377480704
JVM.usedHeapBytes,1756310017108000000,1756310075499000000,271223784
cacheStateStorage.set.counter,1756310017108000000,1756310075499000000,2
cacheStateStorage.set.duration,1756310017108000000,1756310075499000000,79
cacheStateStorage.get.counter,1756310017108000000,1756310075499000000,11
cacheStateStorage.get.duration,1756310017108000000,1756310075499000000,0
workspaceModel.workspaceFileIndexData.instances.count,1756310017108000000,1756310075499000000,1
workspaceModel.on.changed.ms,1756310017108000000,1756310075499000000,284
workspaceModel.cachedValueWithParameters.from.cache.count,1756310017108000000,1756310075499000000,0
workspaceModel.cachedValueWithParameters.clear.count,1756310017108000000,1756310075499000000,0
workspaceModel.loading.total.ms,1756310017108000000,1756310075499000000,397
workspaceModel.full.replace.project.model.ms,1756310017108000000,1756310075499000000,324
workspaceModel.cachedValue.clear.count,1756310017108000000,1756310075499000000,0
workspaceModel.check.recursive.update.ms,1756310017108000000,1756310075499000000,0
workspaceModel.workspaceFileIndexContributor.registerFileSets.ms,1756310017108000000,1756310075499000000,79
workspaceModel.cachedValue.total.get.count,1756310017108000000,1756310075499000000,56
workspaceModel.entityStorageSnapshotImpl.instances.count,1756310017108000000,1756310075499000000,28
workspaceModel.cachedValue.from.cache.count,1756310017108000000,1756310075499000000,37
workspaceModel.workspaceFileIndexData.processFileSets.ms,1756310017108000000,1756310075499000000,0
workspaceModel.updates.ms,1756310017108000000,1756310075499000000,278
workspaceModel.collect.changes.ms,1756310017108000000,1756310075499000000,0
workspaceModel.update.unloaded.entities.ms,1756310017108000000,1756310075499000000,0
workspaceModel.updates.precise.ms,1756310017108000000,1756310075499000000,18
workspaceModel.cachedValueWithParameters.calculated.count,1756310017108000000,1756310075499000000,0
workspaceModel.workspaceFileIndexData.markDirty.ms,1756310017108000000,1756310075499000000,0
workspaceModel.pre.handlers.ms,1756310017108000000,1756310075499000000,3
workspaceModel.workspaceFileIndexData.getFileInfo.ms,1756310017108000000,1756310075499000000,542
workspaceModel.updates.count,1756310017108000000,1756310075499000000,7
workspaceModel.loading.from.cache.ms,1756310017108000000,1756310075499000000,380
workspaceModel.init.bridges.ms,1756310017108000000,1756310075499000000,6
workspaceModel.workspaceFileIndexData.updateDirtyEntities.ms,1756310017108000000,1756310075499000000,0
workspaceModel.workspaceFileIndexData.getDirectoriesByPackageName.ms,1756310017108000000,1756310075499000000,0
workspaceModel.workspaceFileIndexData.init.ms,1756310017108000000,1756310075499000000,35
workspaceModel.on.before.changed.ms,1756310017108000000,1756310075499000000,234
workspaceModel.workspaceFileIndexData.onEntitiesChanged.ms,1756310017108000000,1756310075499000000,51
workspaceModel.workspaceFileIndexData.visitFileSets.ms,1756310017108000000,1756310075499000000,23
workspaceModel.cachedValue.calculated.count,1756310017108000000,1756310075499000000,19
workspaceModel.to.snapshot.ms,1756310017108000000,1756310075499000000,1
workspaceModel.replace.project.model.ms,1756310017108000000,1756310075499000000,0
workspaceModel.initializing.ms,1756310017108000000,1756310075499000000,0
workspaceModel.workspaceFileIndexData.getPackageName.ms,1756310017108000000,1756310075499000000,0
workspaceModel.cachedValueWithParameters.total.get.count,1756310017108000000,1756310075499000000,0
VFS.contentStorage.recordsReadDecompressed,1756310017108000000,1756310075499000000,0
VFS.contentStorage.recordsRead,1756310017108000000,1756310075499000000,0
VFS.fileByIdCache.misses,1756310017108000000,1756310075499000000,0
VFS.fileChildByName,1756310017108000000,1756310075499000000,8042
FileNameCache.totalMisses,1756310017108000000,1756310075499000000,0
VFS.invertedFileNameIndex.requests,1756310017108000000,1756310075499000000,0
VFS.contentStorage.recordsStored,1756310017108000000,1756310075499000000,76
VFS.fileByIdCache.hits,1756310017108000000,1756310075499000000,0
VFS.contentStorage.recordsReadSize,1756310017108000000,1756310075499000000,0
VFS.contentStorage.recordsDecompressionTimeUs,1756310017108000000,1756310075499000000,0
VFS.contentStorage.recordsStoredSize,1756310017108000000,1756310075499000000,1541773
VFS.folderCaseSensitivityReads,1756310017108000000,1756310075499000000,726
VFS.contentStorage.recordsUncompressedSize,1756310017108000000,1756310075499000000,2966362
VFS.contentStorage.recordsStoredCompressed,1756310017108000000,1756310075499000000,37
FileNameCache.queries,1756310017108000000,1756310075499000000,69376
VFS.contentStorage.recordsDeduplicated,1756310017108000000,1756310075499000000,12
Indexing.writer_1.totalTimeSpentWritingMs,1756310017108000000,1756310075499000000,0
Indexing.writesQueuedMin,1756310017108000000,1756310075499000000,0
Indexing.cache.totalCacheEvicted,1756310017108000000,1756310075499000000,0
Indexing.cache.totalCacheMisses,1756310017108000000,1756310075499000000,0
Indexing.writer_3.totalTimeSpentWritingMs,1756310017108000000,1756310075499000000,0
Indexing.writesQueuedAvg,1756310017108000000,1756310075499000000,0.0
Indexing.totalTimeIndexersSleptMs,1756310017108000000,1756310075499000000,0
Indexing.cache.totalCacheAccesses,1756310017108000000,1756310075499000000,0
Indexing.writer_0.totalTimeSpentWritingMs,1756310017108000000,1756310075499000000,0
Indexing.writesQueuedMax,1756310017108000000,1756310075499000000,0
Indexing.writer_2.totalTimeSpentWritingMs,1756310017108000000,1756310075499000000,0
writeAction.count,1756310017108000000,1756310075499000000,22
DiskQueryRelay.taskExecutionTotalTimeUs,1756310017108000000,1756310075499000000,23658105
writeAction.max.wait.ms,1756310017108000000,1756310075499000000,1939
parser.JSON.size.bytes,1756310017108000000,1756310075499000000,3203
parser.JSON.time.ns,1756310017108000000,1756310075499000000,171134288
writeAction.median.wait.ms,1756310017108000000,1756310075499000000,2300
lexer.JSON.size.bytes,1756310017108000000,1756310075499000000,3203
writeAction.wait.ms,1756310017108000000,1756310075499000000,2458
DiskQueryRelay.tasksRequested,1756310017108000000,1756310075499000000,1332
DiskQueryRelay.taskWaitingTotalTimeUs,1756310017108000000,1756310075499000000,23859319
lexer.JSON.time.ns,1756310017108000000,1756310075499000000,2573050
DiskQueryRelay.tasksExecuted,1756310017108000000,1756310075499000000,1332
NonBlockingReadAction.finalizedExecutionsCount,1756310017108000000,1756310075499000000,9
FlushQueue.executionTime90PNs,1756310017108000000,1756310075499000000,48234495
FlushQueue.waitingTimeAvgNs,1756310017108000000,1756310075499000000,4.337689520522876E8
FlushQueue.executionTimeMaxNs,1756310017108000000,1756310075499000000,1476395007
FlushQueue.tasksExecuted,1756310017108000000,1756310075499000000,153
WriteAction.executionsCount,1756310017108000000,1756310075499000000,22
NonBlockingReadAction.finalizedExecutionTimeUs,1756310017108000000,1756310075499000000,1187123
ReadAction.executionsCount,1756310017108000000,1756310075499000000,17182
FlushQueue.queueSizeAvg,1756310017108000000,1756310075499000000,3.9084967320261437
AWTEventQueue.eventsDispatched,1756310017108000000,1756310075499000000,229
AWTEventQueue.dispatchTimeAvgNs,1756310017108000000,1756310075499000000,4.084162962445415E7
FlushQueue.waitingTime90PNs,1756310017108000000,1756310075499000000,1073741823
NonBlockingReadAction.failedExecutionTimeUs,1756310017108000000,1756310075499000000,709952
AWTEventQueue.dispatchTimeMaxNs,1756310017108000000,1756310075499000000,2650800127
AWTEventQueue.dispatchTimeTotalNS,1756310017108000000,1756310075499000000,9357868675
FlushQueue.executionTimeAvgNs,1756310017108000000,1756310075499000000,3.8169737150326796E7
FlushQueue.queueSizeMax,1756310017108000000,1756310075499000000,22
FlushQueue.queueSize90P,1756310017108000000,1756310075499000000,12
NonBlockingReadAction.failedExecutionsCount,1756310017108000000,1756310075499000000,3
AWTEventQueue.dispatchTime90PNs,1756310017108000000,1756310075499000000,38535167
FlushQueue.waitingTimeMaxNs,1756310017108000000,1756310075499000000,3976200191
workspaceModel.moduleBridge.update.option.ms,1756310017108000000,1756310075499000000,0
workspaceModel.global.apply.state.to.project.builder.ms,1756310017108000000,1756310075499000000,3
jps.apply.loaded.storage.ms,1756310017108000000,1756310075499000000,399
jps.reload.project.entities.ms,1756310017108000000,1756310075499000000,0
workspaceModel.do.save.caches.ms,1756310017108000000,1756310075499000000,1411
workspaceModel.moduleBridge.before.changed.ms,1756310017108000000,1756310075499000000,0
workspaceModel.moduleManagerBridge.create.module.instance.ms,1756310017108000000,1756310075499000000,0
workspaceModel.mutableEntityStorage.entities.ms,1756310017108000000,1756310075499000000,1
workspaceModel.moduleBridge.facet.initialization.ms,1756310017108000000,1756310075499000000,0
jps.global.initialize.library.bridges.after.loading.ms,1756310017108000000,1756310075499000000,12
workspaceModel.sync.entities.ms,1756310017108000000,1756310075499000000,0
workspaceModel.mutableEntityStorage.put.entity.ms,1756310017108000000,1756310075499000000,168
jps.artifact.entities.serializer.load.entities.ms,1756310017108000000,1756310075499000000,0
jps.module.iml.entities.serializer.save.entities.ms,1756310017108000000,1756310075499000000,0
jps.global.handle.before.change.events.ms,1756310017108000000,1756310075499000000,0
workspaceModel.load.cache.from.file.ms,1756310017108000000,1756310075499000000,0
workspaceModel.moduleManagerBridge.newModule.ms,1756310017108000000,1756310075499000000,0
jps.library.entities.serializer.load.entities.ms,1756310017108000000,1756310075499000000,0
workspaceModel.save.cache.to.file.ms,1756310017108000000,1756310075499000000,1364
jps.load.initial.state.ms,1756310017108000000,1756310075499000000,48
jps.global.get.library.ms,1756310017108000000,1756310075499000000,0
jps.module.iml.entities.serializer.load.entities.ms,1756310017108000000,1756310075499000000,467
jps.global.get.libraries.ms,1756310017108000000,1756310075499000000,0
workspaceModel.mutableEntityStorage.remove.entity.ms,1756310017108000000,1756310075499000000,0
workspaceModel.mutableEntityStorage.mutable.ext.mapping.ms,1756310017108000000,1756310075499000000,12
workspaceModel.mutableEntityStorage.apply.changes.from.ms,1756310017108000000,1756310075499000000,36
workspaceModel.mutableEntityStorage.modify.entity.ms,1756310017108000000,1756310075499000000,0
workspaceModel.mutableEntityStorage.to.snapshot.ms,1756310017108000000,1756310075499000000,22
workspaceModel.global.updates.count,1756310017108000000,1756310075499000000,1
workspaceModel.mutableEntityStorage.resolve.ms,1756310017108000000,1756310075499000000,0
workspaceModel.moduleManagerBridge.load.all.modules.ms,1756310017108000000,1756310075499000000,95
jps.global.get.library.by.name.ms,1756310017108000000,1756310075499000000,0
workspaceModel.mutableEntityStorage.changeLog.addReplaceEventForNewChild.ms,1756310017108000000,1756310075499000000,0
jps.global.handle.changed.events.ms,1756310017108000000,1756310075499000000,0
workspaceModel.load.cache.metadata.from.file.ms,1756310017108000000,1756310075499000000,0
jps.facet.change.listener.process.change.events.ms,1756310017108000000,1756310075499000000,2
workspaceModel.moduleManagerBridge.new.nonPersistent.module.ms,1756310017108000000,1756310075499000000,0
jps.facet.change.listener.init.bridge.ms,1756310017108000000,1756310075499000000,1
jps.module.dependency.index.workspace.model.listener.on.changed.ms,1756310017108000000,1756310075499000000,9
workspaceModel.moduleManagerBridge.load.module.ms,1756310017108000000,1756310075499000000,0
jps.storage.jps.conf.reader.load.component.ms,1756310017108000000,1756310075499000000,1322
workspaceModel.global.apply.state.to.project.ms,1756310017108000000,1756310075499000000,6
jps.library.entities.serializer.save.entities.ms,1756310017108000000,1756310075499000000,0
workspaceModel.moduleBridgeLoader.loading.modules.ms,1756310017108000000,1756310075499000000,3721
workspaceModel.mutableEntityStorage.add.entity.ms,1756310017108000000,1756310075499000000,616
workspaceModel.mutableEntityStorage.entities.by.source.ms,1756310017108000000,1756310075499000000,0
workspaceModel.mutableEntityStorage.mutable.vfurl.index.ms,1756310017108000000,1756310075499000000,0
workspaceModel.mutableEntityStorage.changeLog.addReplaceEventForRemovedParent.ms,1756310017108000000,1756310075499000000,0
workspaceModel.mutableEntityStorage.replace.by.source.ms,1756310017108000000,1756310075499000000,12
jps.artifact.entities.serializer.save.entities.ms,1756310017108000000,1756310075499000000,0
jps.app.storage.content.reader.load.component.ms,1756310017108000000,1756310075499000000,0
jps.project.serializers.save.ms,1756310017108000000,1756310075499000000,0
jps.load.project.to.empty.storage.ms,1756310017108000000,1756310075499000000,3135
jps.save.global.entities.ms,1756310017108000000,1756310075499000000,0
workspaceModel.moduleManagerBridge.build.module.graph.ms,1756310017108000000,1756310075499000000,2
workspaceModel.orphan.listener.update.ms,1756310017108000000,1756310075499000000,12
workspaceModel.delayed.project.synchronizer.sync.ms,1756310017108000000,1756310075499000000,0
workspaceModel.mutableEntityStorage.instances.count,1756310017108000000,1756310075499000000,41
jps.project.serializers.load.ms,1756310017108000000,1756310075499000000,787
workspaceModel.mutableEntityStorage.referrers.ms,1756310017108000000,1756310075499000000,0
workspaceModel.mutableEntityStorage.collect.changes.ms,1756310017108000000,1756310075499000000,1
workspaceModel.mutableEntityStorage.changeLog.addReplaceEventForRemovedChild.ms,1756310017108000000,1756310075499000000,0
workspaceModel.mutableEntityStorage.changeLog.addReplaceEventForNewParent.ms,1756310017108000000,1756310075499000000,1
workspaceModel.mutableEntityStorage.has.same.entities.ms,1756310017108000000,1756310075499000000,0
workspaceModel.moduleManagerBridge.get.modules.ms,1756310017108000000,1756310075499000000,0
jps.global.initialize.library.bridges.ms,1756310017108000000,1756310075499000000,0
jps.facet.change.listener.before.change.events.ms,1756310017108000000,1756310075499000000,0
workspaceModel.moduleManagerBridge.set.unloadedModules.ms,1756310017108000000,1756310075499000000,0
jps.save.changed.project.entities.ms,1756310017108000000,1756310075499000000,0
workspaceModel.global.updates.ms,1756310017108000000,1756310075499000000,9
FilePageCache.capacityInBytes,1756310017108000000,1756310075499000000,629145600
FilePageCache.maxRegisteredFiles,1756310017108000000,1756310075499000000,945
StorageLockContext.competingThreads.max,1756310017108000000,1756310075499000000,6
StreamlinedBlobStorage.totalLiveRecordsCapacityBytes,1756310017108000000,1756310075499000000,72460
DirectByteBufferAllocator.reclaimed,1756310017108000000,1756310075499000000,3
StreamlinedBlobStorage.recordsRelocated,1756310017108000000,1756310075499000000,0
MappedFileStorage.totalTimeSpentOnMappingUs,1756310017108000000,1756310075499000000,1588355
DirectByteBufferAllocator.totalSizeOfBuffersAllocatedInBytes,1756310017108000000,1756310075499000000,358612992
DirectByteBufferAllocator.disposed,1756310017108000000,1756310075499000000,0
FileChannelInterruptsRetryer.totalRetriedAttempts,1756310017108000000,1756310075499000000,0
FilePageCache.pageLoads,1756310017108000000,1756310075499000000,345
DirectByteBufferAllocator.misses,1756310017108000000,1756310075499000000,342
MappedFileStorage.storages,1756310017108000000,1756310075499000000,10
FilePageCache.uncachedFileAccess,1756310017108000000,1756310075499000000,536
FilePageCache.pageFastCacheHits,1756310017108000000,1756310075499000000,16771
StreamlinedBlobStorage.totalLiveRecordsPayloadBytes,1756310017108000000,1756310075499000000,18075
FilePageCache.disposedBuffers,1756310017108000000,1756310075499000000,3
FilePageCache.pageLoadsAboveSizeThreshold,1756310017108000000,1756310075499000000,0
DirectByteBufferAllocator.totalSizeOfBuffersCachedInBytes,1756310017108000000,1756310075499000000,0
StorageLockContext.competingThreads.90P,1756310017108000000,1756310075499000000,0
FilePageCache.totalPageLoadsUs,1756310017108000000,1756310075499000000,3401738
StreamlinedBlobStorage.recordsDeleted,1756310017108000000,1756310075499000000,1
MappedFileStorage.totalBytesMapped,1756310017108000000,1756310075499000000,177471488
StreamlinedBlobStorage.recordsAllocated,1756310017108000000,1756310075499000000,1024
FilePageCache.maxCacheSizeInBytes,1756310017108000000,1756310075499000000,358612992
MappedFileStorage.totalPagesMapped,1756310017108000000,1756310075499000000,10
DirectByteBufferAllocator.hits,1756310017108000000,1756310075499000000,3
FilePageCache.totalPageDisposalsUs,1756310017108000000,1756310075499000000,6785
FilePageCache.pageHits,1756310017108000000,1756310075499000000,0
StorageLockContext.competingThreads.avg,1756310017108000000,1756310075499000000,0.11403508771929824
JVM.totalDirectByteBuffersBytes,1756310075499000000,1756310133804000000,507232099
JVM.totalTimeToSafepointsMs,1756310075499000000,1756310133804000000,532
JVM.usedNativeBytes,1756310075499000000,1756310133804000000,331930480
JVM.totalTimeAtSafepointsMs,1756310075499000000,1756310133804000000,1888
JVM.totalSafepointCount,1756310075499000000,1756310133804000000,108
JVM.maxHeapBytes,1756310075499000000,1756310133804000000,5800722432
JVM.totalCpuTimeMs,1756310075499000000,1756310133804000000,102040
OS.loadAverage,1756310075499000000,1756310133804000000,16.9150390625
MEM.ramPlusSwapMinusFileMappingsBytes,1756310075499000000,1756310133804000000,1762791424
JVM.GC.collections,1756310075499000000,1756310133804000000,18
JVM.newThreadsCount,1756310075499000000,1756310133804000000,7
JVM.threadCount,1756310075499000000,1756310133804000000,89
JVM.GC.collectionTimesMs,1756310075499000000,1756310133804000000,1498
JVM.committedHeapBytes,1756310075499000000,1756310133804000000,771751936
MEM.fileMappingsRamBytes,1756310075499000000,1756310133804000000,436989952
JVM.maxThreadCount,1756310075499000000,1756310133804000000,100
JVM.totalBytesAllocated,1756310075499000000,1756310133804000000,3147787912
MEM.ramBytes,1756310075499000000,1756310133804000000,2199781376
MEM.ramMinusFileMappingsBytes,1756310075499000000,1756310133804000000,1762791424
JVM.usedHeapBytes,1756310075499000000,1756310133804000000,527888320
cacheStateStorage.set.counter,1756310075499000000,1756310133804000000,10
cacheStateStorage.set.duration,1756310075499000000,1756310133804000000,88
cacheStateStorage.get.counter,1756310075499000000,1756310133804000000,1
cacheStateStorage.get.duration,1756310075499000000,1756310133804000000,0
workspaceModel.workspaceFileIndexData.instances.count,1756310075499000000,1756310133804000000,0
workspaceModel.on.changed.ms,1756310075499000000,1756310133804000000,0
workspaceModel.cachedValueWithParameters.from.cache.count,1756310075499000000,1756310133804000000,0
workspaceModel.cachedValueWithParameters.clear.count,1756310075499000000,1756310133804000000,0
workspaceModel.loading.total.ms,1756310075499000000,1756310133804000000,0
workspaceModel.full.replace.project.model.ms,1756310075499000000,1756310133804000000,0
workspaceModel.cachedValue.clear.count,1756310075499000000,1756310133804000000,0
workspaceModel.check.recursive.update.ms,1756310075499000000,1756310133804000000,0
workspaceModel.workspaceFileIndexContributor.registerFileSets.ms,1756310075499000000,1756310133804000000,0
workspaceModel.cachedValue.total.get.count,1756310075499000000,1756310133804000000,14
workspaceModel.entityStorageSnapshotImpl.instances.count,1756310075499000000,1756310133804000000,0
workspaceModel.cachedValue.from.cache.count,1756310075499000000,1756310133804000000,13
workspaceModel.workspaceFileIndexData.processFileSets.ms,1756310075499000000,1756310133804000000,0
workspaceModel.updates.ms,1756310075499000000,1756310133804000000,0
workspaceModel.collect.changes.ms,1756310075499000000,1756310133804000000,0
workspaceModel.update.unloaded.entities.ms,1756310075499000000,1756310133804000000,0
workspaceModel.updates.precise.ms,1756310075499000000,1756310133804000000,0
workspaceModel.cachedValueWithParameters.calculated.count,1756310075499000000,1756310133804000000,0
workspaceModel.workspaceFileIndexData.markDirty.ms,1756310075499000000,1756310133804000000,0
workspaceModel.pre.handlers.ms,1756310075499000000,1756310133804000000,0
workspaceModel.workspaceFileIndexData.getFileInfo.ms,1756310075499000000,1756310133804000000,446
workspaceModel.updates.count,1756310075499000000,1756310133804000000,0
workspaceModel.loading.from.cache.ms,1756310075499000000,1756310133804000000,0
workspaceModel.init.bridges.ms,1756310075499000000,1756310133804000000,0
workspaceModel.workspaceFileIndexData.updateDirtyEntities.ms,1756310075499000000,1756310133804000000,0
workspaceModel.workspaceFileIndexData.getDirectoriesByPackageName.ms,1756310075499000000,1756310133804000000,0
workspaceModel.workspaceFileIndexData.init.ms,1756310075499000000,1756310133804000000,0
workspaceModel.on.before.changed.ms,1756310075499000000,1756310133804000000,0
workspaceModel.workspaceFileIndexData.onEntitiesChanged.ms,1756310075499000000,1756310133804000000,0
workspaceModel.workspaceFileIndexData.visitFileSets.ms,1756310075499000000,1756310133804000000,6
workspaceModel.cachedValue.calculated.count,1756310075499000000,1756310133804000000,1
workspaceModel.to.snapshot.ms,1756310075499000000,1756310133804000000,0
workspaceModel.replace.project.model.ms,1756310075499000000,1756310133804000000,0
workspaceModel.initializing.ms,1756310075499000000,1756310133804000000,0
workspaceModel.workspaceFileIndexData.getPackageName.ms,1756310075499000000,1756310133804000000,0
workspaceModel.cachedValueWithParameters.total.get.count,1756310075499000000,1756310133804000000,0
VFS.contentStorage.recordsReadDecompressed,1756310075499000000,1756310133804000000,11
VFS.contentStorage.recordsRead,1756310075499000000,1756310133804000000,32
VFS.fileByIdCache.misses,1756310075499000000,1756310133804000000,8
VFS.fileChildByName,1756310075499000000,1756310133804000000,3249
FileNameCache.totalMisses,1756310075499000000,1756310133804000000,0
VFS.invertedFileNameIndex.requests,1756310075499000000,1756310133804000000,0
VFS.contentStorage.recordsStored,1756310075499000000,1756310133804000000,1
VFS.fileByIdCache.hits,1756310075499000000,1756310133804000000,5
VFS.contentStorage.recordsReadSize,1756310075499000000,1756310133804000000,1093458
VFS.contentStorage.recordsDecompressionTimeUs,1756310075499000000,1756310133804000000,17372
VFS.contentStorage.recordsStoredSize,1756310075499000000,1756310133804000000,1414
VFS.folderCaseSensitivityReads,1756310075499000000,1756310133804000000,1
VFS.contentStorage.recordsUncompressedSize,1756310075499000000,1756310133804000000,1414
VFS.contentStorage.recordsStoredCompressed,1756310075499000000,1756310133804000000,0
FileNameCache.queries,1756310075499000000,1756310133804000000,65920
VFS.contentStorage.recordsDeduplicated,1756310075499000000,1756310133804000000,0
Indexes.entries.lookupDuration90PMs,1756310075499000000,1756310133804000000,47.0
Indexing.writer_1.totalTimeSpentWritingMs,1756310075499000000,1756310133804000000,2611
Indexes.entries.lookups,1756310075499000000,1756310133804000000,5
Indexing.writer_3.totalTimeSpentWritingMs,1756310075499000000,1756310133804000000,3261
Indexing.writesQueuedAvg,1756310075499000000,1756310133804000000,0.3333333333333333
Indexes.stubs.lookupDurationMaxMs,1756310075499000000,1756310133804000000,0.0
Indexing.cache.totalCacheAccesses,1756310075499000000,1756310133804000000,1645102
Indexing.writer_0.totalTimeSpentWritingMs,1756310075499000000,1756310133804000000,3179
Indexes.entries.lookupDurationMaxMs,1756310075499000000,1756310133804000000,47.0
Indexing.writer_2.totalTimeSpentWritingMs,1756310075499000000,1756310133804000000,1471
Indexes.entries.lookupDurationAvgMs,1756310075499000000,1756310133804000000,10.6
Indexes.allKeys.lookupDurationAvgMs,1756310075499000000,1756310133804000000,58.0
Indexing.writesQueuedMin,1756310075499000000,1756310133804000000,0
Indexes.allKeys.lookupDuration90PMs,1756310075499000000,1756310133804000000,58.0
Indexing.cache.totalCacheEvicted,1756310075499000000,1756310133804000000,155020
Indexes.stubs.lookupDuration90PMs,1756310075499000000,1756310133804000000,0.0
Indexing.cache.totalCacheMisses,1756310075499000000,1756310133804000000,155024
Indexes.allKeys.lookupDurationMaxMs,1756310075499000000,1756310133804000000,58.0
Indexing.totalTimeIndexersSleptMs,1756310075499000000,1756310133804000000,0
Indexing.writesQueuedMax,1756310075499000000,1756310133804000000,4
Indexes.allKeys.lookups,1756310075499000000,1756310133804000000,1
Indexes.stubs.lookupDurationAvgMs,1756310075499000000,1756310133804000000,0.0
Indexes.stubs.lookups,1756310075499000000,1756310133804000000,0
writeAction.count,1756310075499000000,1756310133804000000,9
lexer.GenericSQL.time.ns,1756310075499000000,1756310133804000000,35766021
lexer.HTML.size.bytes,1756310075499000000,1756310133804000000,9793814
parser.ECMAScript.6.size.bytes,1756310075499000000,1756310133804000000,3398787
parser.HTML.size.bytes,1756310075499000000,1756310133804000000,9793814
lexer.JSON.size.bytes,1756310075499000000,1756310133804000000,503
lexer.GenericSQL.size.bytes,1756310075499000000,1756310133804000000,9446
lexer.TypeScript.size.bytes,1756310075499000000,1756310133804000000,241432
parser.CSS.size.bytes,1756310075499000000,1756310133804000000,1697274
parser.CSS.time.ns,1756310075499000000,1756310133804000000,1289821494
DiskQueryRelay.taskWaitingTotalTimeUs,1756310075499000000,1756310133804000000,86565681
parser.GenericSQL.time.ns,1756310075499000000,1756310133804000000,5481711622
parser.TypeScript.JSX.time.ns,1756310075499000000,1756310133804000000,939809368
parser.Flow.JS.size.bytes,1756310075499000000,1756310133804000000,140172
parser.SCSS.size.bytes,1756310075499000000,1756310133804000000,21698
lexer.SCSS.time.ns,1756310075499000000,1756310133804000000,5630547
parser.GenericSQL.size.bytes,1756310075499000000,1756310133804000000,13615
writeAction.median.wait.ms,1756310075499000000,1756310133804000000,2300
parser.HTML.time.ns,1756310075499000000,1756310133804000000,4235798790
parser.Flow.JS.time.ns,1756310075499000000,1756310133804000000,2825337464
lexer.CSS.size.bytes,1756310075499000000,1756310133804000000,1697274
DiskQueryRelay.tasksExecuted,1756310075499000000,1756310133804000000,2077
lexer.yaml.time.ns,1756310075499000000,1756310133804000000,760541
parser.TypeScript.JSX.size.bytes,1756310075499000000,1756310133804000000,718675
parser.yaml.size.bytes,1756310075499000000,1756310133804000000,1356
DiskQueryRelay.taskExecutionTotalTimeUs,1756310075499000000,1756310133804000000,86442228
lexer.TypeScript.JSX.time.ns,1756310075499000000,1756310133804000000,93583363
parser.yaml.time.ns,1756310075499000000,1756310133804000000,2995793
lexer.yaml.size.bytes,1756310075499000000,1756310133804000000,1356
parser.JSON.time.ns,1756310075499000000,1756310133804000000,19515225
lexer.SCSS.size.bytes,1756310075499000000,1756310133804000000,21698
lexer.Flow.JS.time.ns,1756310075499000000,1756310133804000000,118528589
parser.SCSS.time.ns,1756310075499000000,1756310133804000000,225120787
lexer.TypeScript.JSX.size.bytes,1756310075499000000,1756310133804000000,360290
lexer.JSON.time.ns,1756310075499000000,1756310133804000000,51724
parser.TypeScript.size.bytes,1756310075499000000,1756310133804000000,285908
parser.ECMAScript.6.time.ns,1756310075499000000,1756310133804000000,2071495262
lexer.ECMAScript.6.time.ns,1756310075499000000,1756310133804000000,121017104
lexer.ECMAScript.6.size.bytes,1756310075499000000,1756310133804000000,945147
lexer.TypeScript.time.ns,1756310075499000000,1756310133804000000,75746625
lexer.HTML.time.ns,1756310075499000000,1756310133804000000,4565300750
writeAction.max.wait.ms,1756310075499000000,1756310133804000000,1939
lexer.CSS.time.ns,1756310075499000000,1756310133804000000,589706932
lexer.Flow.JS.size.bytes,1756310075499000000,1756310133804000000,140172
parser.JSON.size.bytes,1756310075499000000,1756310133804000000,503
writeAction.wait.ms,1756310075499000000,1756310133804000000,0
DiskQueryRelay.tasksRequested,1756310075499000000,1756310133804000000,2077
parser.TypeScript.time.ns,1756310075499000000,1756310133804000000,343441179
NonBlockingReadAction.finalizedExecutionsCount,1756310075499000000,1756310133804000000,8
FlushQueue.executionTime90PNs,1756310075499000000,1756310133804000000,4620287
FlushQueue.waitingTimeAvgNs,1756310075499000000,1756310133804000000,1.044977089361702E7
FlushQueue.executionTimeMaxNs,1756310075499000000,1756310133804000000,94896127
FlushQueue.tasksExecuted,1756310075499000000,1756310133804000000,94
WriteAction.executionsCount,1756310075499000000,1756310133804000000,9
NonBlockingReadAction.finalizedExecutionTimeUs,1756310075499000000,1756310133804000000,1268936
ReadAction.executionsCount,1756310075499000000,1756310133804000000,15263
FlushQueue.queueSizeAvg,1756310075499000000,1756310133804000000,0.7127659574468085
AWTEventQueue.eventsDispatched,1756310075499000000,1756310133804000000,79
AWTEventQueue.dispatchTimeAvgNs,1756310075499000000,1756310133804000000,5970697.721518988
FlushQueue.waitingTime90PNs,1756310075499000000,1756310133804000000,36438015
NonBlockingReadAction.failedExecutionTimeUs,1756310075499000000,1756310133804000000,0
AWTEventQueue.dispatchTimeMaxNs,1756310075499000000,1756310133804000000,95420415
AWTEventQueue.dispatchTimeTotalNS,1756310075499000000,1756310133804000000,471976418
FlushQueue.executionTimeAvgNs,1756310075499000000,1756310133804000000,3919098.0425531915
FlushQueue.queueSizeMax,1756310075499000000,1756310133804000000,6
FlushQueue.queueSize90P,1756310075499000000,1756310133804000000,3
NonBlockingReadAction.failedExecutionsCount,1756310075499000000,1756310133804000000,0
AWTEventQueue.dispatchTime90PNs,1756310075499000000,1756310133804000000,12582911
FlushQueue.waitingTimeMaxNs,1756310075499000000,1756310133804000000,96468991
workspaceModel.moduleBridge.update.option.ms,1756310075499000000,1756310133804000000,0
workspaceModel.global.apply.state.to.project.builder.ms,1756310075499000000,1756310133804000000,0
jps.apply.loaded.storage.ms,1756310075499000000,1756310133804000000,0
jps.reload.project.entities.ms,1756310075499000000,1756310133804000000,14
workspaceModel.do.save.caches.ms,1756310075499000000,1756310133804000000,0
workspaceModel.moduleBridge.before.changed.ms,1756310075499000000,1756310133804000000,0
workspaceModel.moduleManagerBridge.create.module.instance.ms,1756310075499000000,1756310133804000000,0
workspaceModel.mutableEntityStorage.entities.ms,1756310075499000000,1756310133804000000,0
workspaceModel.moduleBridge.facet.initialization.ms,1756310075499000000,1756310133804000000,0
jps.global.initialize.library.bridges.after.loading.ms,1756310075499000000,1756310133804000000,0
workspaceModel.sync.entities.ms,1756310075499000000,1756310133804000000,0
workspaceModel.mutableEntityStorage.put.entity.ms,1756310075499000000,1756310133804000000,0
jps.artifact.entities.serializer.load.entities.ms,1756310075499000000,1756310133804000000,0
jps.module.iml.entities.serializer.save.entities.ms,1756310075499000000,1756310133804000000,0
jps.global.handle.before.change.events.ms,1756310075499000000,1756310133804000000,0
workspaceModel.load.cache.from.file.ms,1756310075499000000,1756310133804000000,0
workspaceModel.moduleManagerBridge.newModule.ms,1756310075499000000,1756310133804000000,0
jps.library.entities.serializer.load.entities.ms,1756310075499000000,1756310133804000000,0
workspaceModel.save.cache.to.file.ms,1756310075499000000,1756310133804000000,0
jps.load.initial.state.ms,1756310075499000000,1756310133804000000,0
jps.global.get.library.ms,1756310075499000000,1756310133804000000,0
jps.module.iml.entities.serializer.load.entities.ms,1756310075499000000,1756310133804000000,0
jps.global.get.libraries.ms,1756310075499000000,1756310133804000000,0
workspaceModel.mutableEntityStorage.remove.entity.ms,1756310075499000000,1756310133804000000,0
workspaceModel.mutableEntityStorage.mutable.ext.mapping.ms,1756310075499000000,1756310133804000000,0
workspaceModel.mutableEntityStorage.apply.changes.from.ms,1756310075499000000,1756310133804000000,0
workspaceModel.mutableEntityStorage.modify.entity.ms,1756310075499000000,1756310133804000000,0
workspaceModel.mutableEntityStorage.to.snapshot.ms,1756310075499000000,1756310133804000000,0
workspaceModel.global.updates.count,1756310075499000000,1756310133804000000,0
workspaceModel.mutableEntityStorage.resolve.ms,1756310075499000000,1756310133804000000,0
workspaceModel.moduleManagerBridge.load.all.modules.ms,1756310075499000000,1756310133804000000,0
jps.global.get.library.by.name.ms,1756310075499000000,1756310133804000000,0
workspaceModel.mutableEntityStorage.changeLog.addReplaceEventForNewChild.ms,1756310075499000000,1756310133804000000,0
jps.global.handle.changed.events.ms,1756310075499000000,1756310133804000000,0
workspaceModel.load.cache.metadata.from.file.ms,1756310075499000000,1756310133804000000,0
jps.facet.change.listener.process.change.events.ms,1756310075499000000,1756310133804000000,0
workspaceModel.moduleManagerBridge.new.nonPersistent.module.ms,1756310075499000000,1756310133804000000,0
jps.facet.change.listener.init.bridge.ms,1756310075499000000,1756310133804000000,0
jps.module.dependency.index.workspace.model.listener.on.changed.ms,1756310075499000000,1756310133804000000,0
workspaceModel.moduleManagerBridge.load.module.ms,1756310075499000000,1756310133804000000,0
jps.storage.jps.conf.reader.load.component.ms,1756310075499000000,1756310133804000000,0
workspaceModel.global.apply.state.to.project.ms,1756310075499000000,1756310133804000000,0
jps.library.entities.serializer.save.entities.ms,1756310075499000000,1756310133804000000,0
workspaceModel.moduleBridgeLoader.loading.modules.ms,1756310075499000000,1756310133804000000,0
workspaceModel.mutableEntityStorage.add.entity.ms,1756310075499000000,1756310133804000000,0
workspaceModel.mutableEntityStorage.entities.by.source.ms,1756310075499000000,1756310133804000000,0
workspaceModel.mutableEntityStorage.mutable.vfurl.index.ms,1756310075499000000,1756310133804000000,0
workspaceModel.mutableEntityStorage.changeLog.addReplaceEventForRemovedParent.ms,1756310075499000000,1756310133804000000,0
workspaceModel.mutableEntityStorage.replace.by.source.ms,1756310075499000000,1756310133804000000,0
jps.artifact.entities.serializer.save.entities.ms,1756310075499000000,1756310133804000000,0
jps.app.storage.content.reader.load.component.ms,1756310075499000000,1756310133804000000,0
jps.project.serializers.save.ms,1756310075499000000,1756310133804000000,20
jps.load.project.to.empty.storage.ms,1756310075499000000,1756310133804000000,0
jps.save.global.entities.ms,1756310075499000000,1756310133804000000,31
workspaceModel.moduleManagerBridge.build.module.graph.ms,1756310075499000000,1756310133804000000,0
workspaceModel.orphan.listener.update.ms,1756310075499000000,1756310133804000000,0
workspaceModel.delayed.project.synchronizer.sync.ms,1756310075499000000,1756310133804000000,0
workspaceModel.mutableEntityStorage.instances.count,1756310075499000000,1756310133804000000,3
jps.project.serializers.load.ms,1756310075499000000,1756310133804000000,0
workspaceModel.mutableEntityStorage.referrers.ms,1756310075499000000,1756310133804000000,0
workspaceModel.mutableEntityStorage.collect.changes.ms,1756310075499000000,1756310133804000000,0
workspaceModel.mutableEntityStorage.changeLog.addReplaceEventForRemovedChild.ms,1756310075499000000,1756310133804000000,0
workspaceModel.mutableEntityStorage.changeLog.addReplaceEventForNewParent.ms,1756310075499000000,1756310133804000000,0
workspaceModel.mutableEntityStorage.has.same.entities.ms,1756310075499000000,1756310133804000000,0
workspaceModel.moduleManagerBridge.get.modules.ms,1756310075499000000,1756310133804000000,0
jps.global.initialize.library.bridges.ms,1756310075499000000,1756310133804000000,0
jps.facet.change.listener.before.change.events.ms,1756310075499000000,1756310133804000000,0
jps.app.storage.content.writer.save.component.ms,1756310075499000000,1756310133804000000,5
workspaceModel.moduleManagerBridge.set.unloadedModules.ms,1756310075499000000,1756310133804000000,0
jps.save.changed.project.entities.ms,1756310075499000000,1756310133804000000,20
workspaceModel.global.updates.ms,1756310075499000000,1756310133804000000,0
FilePageCache.capacityInBytes,1756310075499000000,1756310133804000000,629145600
FilePageCache.maxRegisteredFiles,1756310075499000000,1756310133804000000,945
StorageLockContext.competingThreads.max,1756310075499000000,1756310133804000000,1
StreamlinedBlobStorage.totalLiveRecordsCapacityBytes,1756310075499000000,1756310133804000000,8050
DirectByteBufferAllocator.reclaimed,1756310075499000000,1756310133804000000,0
StreamlinedBlobStorage.recordsRelocated,1756310075499000000,1756310133804000000,0
MappedFileStorage.totalTimeSpentOnMappingUs,1756310075499000000,1756310133804000000,2703545
DirectByteBufferAllocator.totalSizeOfBuffersAllocatedInBytes,1756310075499000000,1756310133804000000,494927872
DirectByteBufferAllocator.disposed,1756310075499000000,1756310133804000000,0
FileChannelInterruptsRetryer.totalRetriedAttempts,1756310075499000000,1756310133804000000,0
FilePageCache.pageLoads,1756310075499000000,1756310133804000000,130
DirectByteBufferAllocator.misses,1756310075499000000,1756310133804000000,130
MappedFileStorage.storages,1756310075499000000,1756310133804000000,16
FilePageCache.uncachedFileAccess,1756310075499000000,1756310133804000000,278
FilePageCache.pageFastCacheHits,1756310075499000000,1756310133804000000,322903
StreamlinedBlobStorage.totalLiveRecordsPayloadBytes,1756310075499000000,1756310133804000000,4993
FilePageCache.disposedBuffers,1756310075499000000,1756310133804000000,0
FilePageCache.pageLoadsAboveSizeThreshold,1756310075499000000,1756310133804000000,0
DirectByteBufferAllocator.totalSizeOfBuffersCachedInBytes,1756310075499000000,1756310133804000000,0
StorageLockContext.competingThreads.90P,1756310075499000000,1756310133804000000,0
FilePageCache.totalPageLoadsUs,1756310075499000000,1756310133804000000,1171922
StreamlinedBlobStorage.recordsDeleted,1756310075499000000,1756310133804000000,0
MappedFileStorage.totalBytesMapped,1756310075499000000,1756310133804000000,202637312
StreamlinedBlobStorage.recordsAllocated,1756310075499000000,1756310133804000000,115
FilePageCache.maxCacheSizeInBytes,1756310075499000000,1756310133804000000,494927872
MappedFileStorage.totalPagesMapped,1756310075499000000,1756310133804000000,16
DirectByteBufferAllocator.hits,1756310075499000000,1756310133804000000,0
FilePageCache.totalPageDisposalsUs,1756310075499000000,1756310133804000000,396
FilePageCache.pageHits,1756310075499000000,1756310133804000000,0
StorageLockContext.competingThreads.avg,1756310075499000000,1756310133804000000,0.034782608695652174
JVM.totalDirectByteBuffersBytes,1756310133804000000,1756310135264000000,54247414
JVM.totalTimeToSafepointsMs,1756310133804000000,1756310135264000000,0
JVM.usedNativeBytes,1756310133804000000,1756310135264000000,335937648
JVM.totalTimeAtSafepointsMs,1756310133804000000,1756310135264000000,0
JVM.totalSafepointCount,1756310133804000000,1756310135264000000,2
JVM.maxHeapBytes,1756310133804000000,1756310135264000000,5800722432
JVM.totalCpuTimeMs,1756310133804000000,1756310135264000000,1950
OS.loadAverage,1756310133804000000,1756310135264000000,17.5625
MEM.ramPlusSwapMinusFileMappingsBytes,1756310133804000000,1756310135264000000,1766629376
JVM.GC.collections,1756310133804000000,1756310135264000000,0
JVM.newThreadsCount,1756310133804000000,1756310135264000000,2
JVM.threadCount,1756310133804000000,1756310135264000000,88
JVM.GC.collectionTimesMs,1756310133804000000,1756310135264000000,0
JVM.committedHeapBytes,1756310133804000000,1756310135264000000,771751936
MEM.fileMappingsRamBytes,1756310133804000000,1756310135264000000,438157312
JVM.maxThreadCount,1756310133804000000,1756310135264000000,100
JVM.totalBytesAllocated,1756310133804000000,1756310135264000000,19464400
MEM.ramBytes,1756310133804000000,1756310135264000000,2204786688
MEM.ramMinusFileMappingsBytes,1756310133804000000,1756310135264000000,1766629376
JVM.usedHeapBytes,1756310133804000000,1756310135264000000,548859840
cacheStateStorage.set.counter,1756310133804000000,1756310135264000000,0
cacheStateStorage.set.duration,1756310133804000000,1756310135264000000,0
cacheStateStorage.get.counter,1756310133804000000,1756310135264000000,0
cacheStateStorage.get.duration,1756310133804000000,1756310135264000000,0
workspaceModel.workspaceFileIndexData.instances.count,1756310133804000000,1756310135264000000,0
workspaceModel.on.changed.ms,1756310133804000000,1756310135264000000,0
workspaceModel.cachedValueWithParameters.from.cache.count,1756310133804000000,1756310135264000000,0
workspaceModel.cachedValueWithParameters.clear.count,1756310133804000000,1756310135264000000,0
workspaceModel.loading.total.ms,1756310133804000000,1756310135264000000,0
workspaceModel.full.replace.project.model.ms,1756310133804000000,1756310135264000000,0
workspaceModel.cachedValue.clear.count,1756310133804000000,1756310135264000000,0
workspaceModel.check.recursive.update.ms,1756310133804000000,1756310135264000000,0
workspaceModel.workspaceFileIndexContributor.registerFileSets.ms,1756310133804000000,1756310135264000000,0
workspaceModel.cachedValue.total.get.count,1756310133804000000,1756310135264000000,2
workspaceModel.entityStorageSnapshotImpl.instances.count,1756310133804000000,1756310135264000000,0
workspaceModel.cachedValue.from.cache.count,1756310133804000000,1756310135264000000,2
workspaceModel.workspaceFileIndexData.processFileSets.ms,1756310133804000000,1756310135264000000,0
workspaceModel.updates.ms,1756310133804000000,1756310135264000000,0
workspaceModel.collect.changes.ms,1756310133804000000,1756310135264000000,0
workspaceModel.update.unloaded.entities.ms,1756310133804000000,1756310135264000000,0
workspaceModel.updates.precise.ms,1756310133804000000,1756310135264000000,0
workspaceModel.cachedValueWithParameters.calculated.count,1756310133804000000,1756310135264000000,0
workspaceModel.workspaceFileIndexData.markDirty.ms,1756310133804000000,1756310135264000000,0
workspaceModel.pre.handlers.ms,1756310133804000000,1756310135264000000,0
workspaceModel.workspaceFileIndexData.getFileInfo.ms,1756310133804000000,1756310135264000000,2
workspaceModel.updates.count,1756310133804000000,1756310135264000000,0
workspaceModel.loading.from.cache.ms,1756310133804000000,1756310135264000000,0
workspaceModel.init.bridges.ms,1756310133804000000,1756310135264000000,0
workspaceModel.workspaceFileIndexData.updateDirtyEntities.ms,1756310133804000000,1756310135264000000,0
workspaceModel.workspaceFileIndexData.getDirectoriesByPackageName.ms,1756310133804000000,1756310135264000000,0
workspaceModel.workspaceFileIndexData.init.ms,1756310133804000000,1756310135264000000,0
workspaceModel.on.before.changed.ms,1756310133804000000,1756310135264000000,0
workspaceModel.workspaceFileIndexData.onEntitiesChanged.ms,1756310133804000000,1756310135264000000,0
workspaceModel.workspaceFileIndexData.visitFileSets.ms,1756310133804000000,1756310135264000000,0
workspaceModel.cachedValue.calculated.count,1756310133804000000,1756310135264000000,0
workspaceModel.to.snapshot.ms,1756310133804000000,1756310135264000000,0
workspaceModel.replace.project.model.ms,1756310133804000000,1756310135264000000,0
workspaceModel.initializing.ms,1756310133804000000,1756310135264000000,0
workspaceModel.workspaceFileIndexData.getPackageName.ms,1756310133804000000,1756310135264000000,0
workspaceModel.cachedValueWithParameters.total.get.count,1756310133804000000,1756310135264000000,0
VFS.fileByIdCache.misses,1756310133804000000,1756310135264000000,0
VFS.fileChildByName,1756310133804000000,1756310135264000000,2176
VFS.invertedFileNameIndex.requests,1756310133804000000,1756310135264000000,0
VFS.fileByIdCache.hits,1756310133804000000,1756310135264000000,0
VFS.folderCaseSensitivityReads,1756310133804000000,1756310135264000000,0
Indexes.entries.lookupDuration90PMs,1756310133804000000,1756310135264000000,0.0
Indexing.writer_1.totalTimeSpentWritingMs,1756310133804000000,1756310135264000000,0
Indexes.entries.lookups,1756310133804000000,1756310135264000000,0
Indexing.writer_3.totalTimeSpentWritingMs,1756310133804000000,1756310135264000000,0
Indexing.writesQueuedAvg,1756310133804000000,1756310135264000000,0.0
Indexes.stubs.lookupDurationMaxMs,1756310133804000000,1756310135264000000,0.0
Indexing.cache.totalCacheAccesses,1756310133804000000,1756310135264000000,0
Indexing.writer_0.totalTimeSpentWritingMs,1756310133804000000,1756310135264000000,0
Indexes.entries.lookupDurationMaxMs,1756310133804000000,1756310135264000000,0.0
Indexing.writer_2.totalTimeSpentWritingMs,1756310133804000000,1756310135264000000,0
Indexes.entries.lookupDurationAvgMs,1756310133804000000,1756310135264000000,0.0
Indexes.allKeys.lookupDurationAvgMs,1756310133804000000,1756310135264000000,0.0
Indexing.writesQueuedMin,1756310133804000000,1756310135264000000,0
Indexes.allKeys.lookupDuration90PMs,1756310133804000000,1756310135264000000,0.0
Indexing.cache.totalCacheEvicted,1756310133804000000,1756310135264000000,4
Indexes.stubs.lookupDuration90PMs,1756310133804000000,1756310135264000000,0.0
Indexing.cache.totalCacheMisses,1756310133804000000,1756310135264000000,0
Indexes.allKeys.lookupDurationMaxMs,1756310133804000000,1756310135264000000,0.0
Indexing.totalTimeIndexersSleptMs,1756310133804000000,1756310135264000000,0
Indexing.writesQueuedMax,1756310133804000000,1756310135264000000,0
Indexes.allKeys.lookups,1756310133804000000,1756310135264000000,0
Indexes.stubs.lookupDurationAvgMs,1756310133804000000,1756310135264000000,0.0
Indexes.stubs.lookups,1756310133804000000,1756310135264000000,0
writeAction.count,1756310133804000000,1756310135264000000,1
DiskQueryRelay.taskWaitingTotalTimeUs,1756310133804000000,1756310135264000000,0
writeAction.median.wait.ms,1756310133804000000,1756310135264000000,2300
DiskQueryRelay.tasksExecuted,1756310133804000000,1756310135264000000,0
DiskQueryRelay.taskExecutionTotalTimeUs,1756310133804000000,1756310135264000000,0
writeAction.max.wait.ms,1756310133804000000,1756310135264000000,1939
writeAction.wait.ms,1756310133804000000,1756310135264000000,0
DiskQueryRelay.tasksRequested,1756310133804000000,1756310135264000000,0
NonBlockingReadAction.finalizedExecutionsCount,1756310133804000000,1756310135264000000,0
FlushQueue.executionTime90PNs,1756310133804000000,1756310135264000000,618495
FlushQueue.waitingTimeAvgNs,1756310133804000000,1756310135264000000,8.524695161904761E7
FlushQueue.executionTimeMaxNs,1756310133804000000,1756310135264000000,396361727
FlushQueue.tasksExecuted,1756310133804000000,1756310135264000000,42
WriteAction.executionsCount,1756310133804000000,1756310135264000000,1
NonBlockingReadAction.finalizedExecutionTimeUs,1756310133804000000,1756310135264000000,0
ReadAction.executionsCount,1756310133804000000,1756310135264000000,2603
FlushQueue.queueSizeAvg,1756310133804000000,1756310135264000000,13.642857142857142
AWTEventQueue.eventsDispatched,1756310133804000000,1756310135264000000,16
AWTEventQueue.dispatchTimeAvgNs,1756310133804000000,1756310135264000000,9539440.0
FlushQueue.waitingTime90PNs,1756310133804000000,1756310135264000000,144703487
NonBlockingReadAction.failedExecutionTimeUs,1756310133804000000,1756310135264000000,0
AWTEventQueue.dispatchTimeMaxNs,1756310133804000000,1756310135264000000,105906175
AWTEventQueue.dispatchTimeTotalNS,1756310133804000000,1756310135264000000,152452038
FlushQueue.executionTimeAvgNs,1756310133804000000,1756310135264000000,9704756.261904761
FlushQueue.queueSizeMax,1756310133804000000,1756310135264000000,30
FlushQueue.queueSize90P,1756310133804000000,1756310135264000000,27
NonBlockingReadAction.failedExecutionsCount,1756310133804000000,1756310135264000000,0
AWTEventQueue.dispatchTime90PNs,1756310133804000000,1756310135264000000,22020095
FlushQueue.waitingTimeMaxNs,1756310133804000000,1756310135264000000,163577855
workspaceModel.moduleBridge.update.option.ms,1756310133804000000,1756310135264000000,0
workspaceModel.global.apply.state.to.project.builder.ms,1756310133804000000,1756310135264000000,0
jps.apply.loaded.storage.ms,1756310133804000000,1756310135264000000,0
jps.reload.project.entities.ms,1756310133804000000,1756310135264000000,0
workspaceModel.do.save.caches.ms,1756310133804000000,1756310135264000000,0
workspaceModel.moduleBridge.before.changed.ms,1756310133804000000,1756310135264000000,0
workspaceModel.moduleManagerBridge.create.module.instance.ms,1756310133804000000,1756310135264000000,0
workspaceModel.mutableEntityStorage.entities.ms,1756310133804000000,1756310135264000000,0
workspaceModel.moduleBridge.facet.initialization.ms,1756310133804000000,1756310135264000000,0
jps.global.initialize.library.bridges.after.loading.ms,1756310133804000000,1756310135264000000,0
workspaceModel.sync.entities.ms,1756310133804000000,1756310135264000000,0
workspaceModel.mutableEntityStorage.put.entity.ms,1756310133804000000,1756310135264000000,0
jps.artifact.entities.serializer.load.entities.ms,1756310133804000000,1756310135264000000,0
jps.module.iml.entities.serializer.save.entities.ms,1756310133804000000,1756310135264000000,0
jps.global.handle.before.change.events.ms,1756310133804000000,1756310135264000000,0
workspaceModel.load.cache.from.file.ms,1756310133804000000,1756310135264000000,0
workspaceModel.moduleManagerBridge.newModule.ms,1756310133804000000,1756310135264000000,0
jps.library.entities.serializer.load.entities.ms,1756310133804000000,1756310135264000000,0
workspaceModel.save.cache.to.file.ms,1756310133804000000,1756310135264000000,0
jps.load.initial.state.ms,1756310133804000000,1756310135264000000,0
jps.global.get.library.ms,1756310133804000000,1756310135264000000,0
jps.module.iml.entities.serializer.load.entities.ms,1756310133804000000,1756310135264000000,0
jps.global.get.libraries.ms,1756310133804000000,1756310135264000000,0
workspaceModel.mutableEntityStorage.remove.entity.ms,1756310133804000000,1756310135264000000,0
workspaceModel.mutableEntityStorage.mutable.ext.mapping.ms,1756310133804000000,1756310135264000000,0
workspaceModel.mutableEntityStorage.apply.changes.from.ms,1756310133804000000,1756310135264000000,0
workspaceModel.mutableEntityStorage.modify.entity.ms,1756310133804000000,1756310135264000000,0
workspaceModel.mutableEntityStorage.to.snapshot.ms,1756310133804000000,1756310135264000000,0
workspaceModel.global.updates.count,1756310133804000000,1756310135264000000,0
workspaceModel.mutableEntityStorage.resolve.ms,1756310133804000000,1756310135264000000,0
workspaceModel.moduleManagerBridge.load.all.modules.ms,1756310133804000000,1756310135264000000,0
jps.global.get.library.by.name.ms,1756310133804000000,1756310135264000000,0
workspaceModel.mutableEntityStorage.changeLog.addReplaceEventForNewChild.ms,1756310133804000000,1756310135264000000,0
jps.global.handle.changed.events.ms,1756310133804000000,1756310135264000000,0
workspaceModel.load.cache.metadata.from.file.ms,1756310133804000000,1756310135264000000,0
jps.facet.change.listener.process.change.events.ms,1756310133804000000,1756310135264000000,0
workspaceModel.moduleManagerBridge.new.nonPersistent.module.ms,1756310133804000000,1756310135264000000,0
jps.facet.change.listener.init.bridge.ms,1756310133804000000,1756310135264000000,0
jps.module.dependency.index.workspace.model.listener.on.changed.ms,1756310133804000000,1756310135264000000,0
workspaceModel.moduleManagerBridge.load.module.ms,1756310133804000000,1756310135264000000,0
jps.storage.jps.conf.reader.load.component.ms,1756310133804000000,1756310135264000000,0
workspaceModel.global.apply.state.to.project.ms,1756310133804000000,1756310135264000000,0
jps.library.entities.serializer.save.entities.ms,1756310133804000000,1756310135264000000,0
workspaceModel.moduleBridgeLoader.loading.modules.ms,1756310133804000000,1756310135264000000,0
workspaceModel.mutableEntityStorage.add.entity.ms,1756310133804000000,1756310135264000000,0
workspaceModel.mutableEntityStorage.entities.by.source.ms,1756310133804000000,1756310135264000000,0
workspaceModel.mutableEntityStorage.mutable.vfurl.index.ms,1756310133804000000,1756310135264000000,0
workspaceModel.mutableEntityStorage.changeLog.addReplaceEventForRemovedParent.ms,1756310133804000000,1756310135264000000,0
workspaceModel.mutableEntityStorage.replace.by.source.ms,1756310133804000000,1756310135264000000,0
jps.artifact.entities.serializer.save.entities.ms,1756310133804000000,1756310135264000000,0
jps.app.storage.content.reader.load.component.ms,1756310133804000000,1756310135264000000,0
jps.project.serializers.save.ms,1756310133804000000,1756310135264000000,0
jps.load.project.to.empty.storage.ms,1756310133804000000,1756310135264000000,0
jps.save.global.entities.ms,1756310133804000000,1756310135264000000,0
workspaceModel.moduleManagerBridge.build.module.graph.ms,1756310133804000000,1756310135264000000,0
workspaceModel.orphan.listener.update.ms,1756310133804000000,1756310135264000000,0
workspaceModel.delayed.project.synchronizer.sync.ms,1756310133804000000,1756310135264000000,0
workspaceModel.mutableEntityStorage.instances.count,1756310133804000000,1756310135264000000,0
jps.project.serializers.load.ms,1756310133804000000,1756310135264000000,0
workspaceModel.mutableEntityStorage.referrers.ms,1756310133804000000,1756310135264000000,0
workspaceModel.mutableEntityStorage.collect.changes.ms,1756310133804000000,1756310135264000000,0
workspaceModel.mutableEntityStorage.changeLog.addReplaceEventForRemovedChild.ms,1756310133804000000,1756310135264000000,0
workspaceModel.mutableEntityStorage.changeLog.addReplaceEventForNewParent.ms,1756310133804000000,1756310135264000000,0
workspaceModel.mutableEntityStorage.has.same.entities.ms,1756310133804000000,1756310135264000000,0
workspaceModel.moduleManagerBridge.get.modules.ms,1756310133804000000,1756310135264000000,0
jps.global.initialize.library.bridges.ms,1756310133804000000,1756310135264000000,0
jps.facet.change.listener.before.change.events.ms,1756310133804000000,1756310135264000000,0
jps.app.storage.content.writer.save.component.ms,1756310133804000000,1756310135264000000,0
workspaceModel.moduleManagerBridge.set.unloadedModules.ms,1756310133804000000,1756310135264000000,0
jps.save.changed.project.entities.ms,1756310133804000000,1756310135264000000,0
workspaceModel.global.updates.ms,1756310133804000000,1756310135264000000,0
FilePageCache.capacityInBytes,1756310133804000000,1756310135264000000,629145600
FilePageCache.maxRegisteredFiles,1756310133804000000,1756310135264000000,945
StorageLockContext.competingThreads.max,1756310133804000000,1756310135264000000,0
DirectByteBufferAllocator.reclaimed,1756310133804000000,1756310135264000000,40
MappedFileStorage.totalTimeSpentOnMappingUs,1756310133804000000,1756310135264000000,2703545
DirectByteBufferAllocator.totalSizeOfBuffersAllocatedInBytes,1756310133804000000,1756310135264000000,41943040
DirectByteBufferAllocator.disposed,1756310133804000000,1756310135264000000,432
FileChannelInterruptsRetryer.totalRetriedAttempts,1756310133804000000,1756310135264000000,0
FilePageCache.pageLoads,1756310133804000000,1756310135264000000,0
DirectByteBufferAllocator.misses,1756310133804000000,1756310135264000000,0
MappedFileStorage.storages,1756310133804000000,1756310135264000000,0
FilePageCache.uncachedFileAccess,1756310133804000000,1756310135264000000,0
FilePageCache.pageFastCacheHits,1756310133804000000,1756310135264000000,0
FilePageCache.disposedBuffers,1756310133804000000,1756310135264000000,472
FilePageCache.pageLoadsAboveSizeThreshold,1756310133804000000,1756310135264000000,0
DirectByteBufferAllocator.totalSizeOfBuffersCachedInBytes,1756310133804000000,1756310135264000000,41943040
StorageLockContext.competingThreads.90P,1756310133804000000,1756310135264000000,0
FilePageCache.totalPageLoadsUs,1756310133804000000,1756310135264000000,0
MappedFileStorage.totalBytesMapped,1756310133804000000,1756310135264000000,0
FilePageCache.maxCacheSizeInBytes,1756310133804000000,1756310135264000000,494927872
MappedFileStorage.totalPagesMapped,1756310133804000000,1756310135264000000,0
DirectByteBufferAllocator.hits,1756310133804000000,1756310135264000000,0
FilePageCache.totalPageDisposalsUs,1756310133804000000,1756310135264000000,0
FilePageCache.pageHits,1756310133804000000,1756310135264000000,0
StorageLockContext.competingThreads.avg,1756310133804000000,1756310135264000000,0.0
